{
  "extra-extras@@extras-hr-color@@dark": "#FFEF00",
  "extra-extras@@extras-hr-image": "url('data:image/svg+xml,%3Csvg xmlns=\"http://www.w3.org/2000/svg\" width=\"24\" height=\"24\" viewBox=\"0 0 24 24\" fill=\"none\" stroke=\"currentColor\" stroke-width=\"2\" stroke-linecap=\"round\" stroke-linejoin=\"round\"%3E%3Cpolygon points=\"13 2 3 14 12 14 11 22 21 10 12 10 13 2\"/%3E%3C/svg%3E')",
  "minimal-style@@ui3@@dark": "#E61E1E",
  "minimal-style@@sidebar-tabs-style": "sidebar-tabs-square",
  "minimal-style@@sidebar-tabs-names": "tab-names-off",
  "minimal-style@@vault-profile-display": "vault-profile-default",
  "minimal-style@@hide-help": false,
  "minimal-style@@ribbon-style": "ribbon-hidden",
  "minimal-style@@checkbox-shape": "checkbox-square",
  "minimal-style@@window-title-off": false,
  "minimal-style@@ui1@@dark": "#450A0A",
  "minimal-style@@ui2@@dark": "#850E0E",
  "minimal-style@@h1-color@@dark": "#9E1C1C",
  "minimal-style@@h2-color@@dark": "#B82323",
  "minimal-style@@h3-color@@dark": "#D12A2A",
  "minimal-style@@h4-color@@dark": "#EB3131",
  "minimal-style@@h5-color@@dark": "#FF4747",
  "minimal-style@@h6-color@@dark": "#FF6B6B",
  "minimal-style@@file-header-visibility": "minimal-tab-title-visible",
  "minimal-style@@tab-stacked-spine-orientation": "tab-stack-top",
  "minimal-style@@tab-stacked-spine-order": "row",
  "minimal-style@@tabs-style": "tabs-square",
  "minimal-style@@minimal-tab-text-color-active@@dark": "#FFB3B3",
  "minimal-style@@metadata-heading-off": false,
  "minimal-style@@minimal-strike-lists": true,
  "minimal-style@@active-line-on": true,
  "minimal-style@@gutter-background@@dark": "#850E0E12",
  "minimal-style@@line-number-color@@dark": "#850E0E",
  "minimal-style@@icon-color@@dark": "#850E0E",
  "minimal-style@@h1-variant": "normal",
  "minimal-style@@h1-style": "normal",
  "minimal-style@@ax1@@dark": "#E61E1E",
  "minimal-style@@ax3@@dark": "#A31616",
  "minimal-style@@ui3@@light": "#FF69B4",
  "minimal-style@@ui2@@light": "#FF69B4",
  "minimal-style@@ui1@@light": "#FF69B4",
  "minimal-style@@icon-color@@light": "#FF69B4",
  "minimal-style@@minimal-tab-text-color-active@@light": "#FF69B4",
  "minimal-style@@link-color@@dark": "#E61E1E",
  "minimal-style@@link-external-color@@dark": "#3b82f6",
  "minimal-style@@link-color-hover@@dark": "#A31616",
  "minimal-style@@link-external-color-hover@@dark": "#60a5fa",
  "minimal-cards-style@@cards-background@@dark": "#000000",
  "minimal-style@@bg1@@dark": "#000000",
  "minimal-style@@bg2@@dark": "#050101",
  "minimal-style@@bg3@@dark": "#450A0A",
  "minimal-style@@ax2@@dark": "#FF4747",
  "minimal-style@@tx1@@dark": "#FFFFFF",
  "minimal-style@@tx2@@dark": "#FFB3B3",
  "minimal-style@@tx3@@dark": "#800F0F",
  "minimal-style@@icon-color-hover@@dark": "#E61E1E",
  "minimal-style@@icon-color-active@@dark": "#A31616",
  "minimal-style@@active-line-bg@@dark": "#850E0E20",
  "minimal-style@@minimal-tab-text-color@@dark": "#800F0F",
  "minimal-style@@color-red@@dark": "#E61E1E",
  "minimal-style@@color-orange@@dark": "#FF8C42",
  "minimal-style@@color-yellow@@dark": "#FFD93D",
  "minimal-style@@color-green@@dark": "#00FF7F",
  "minimal-style@@color-cyan@@dark": "#00E5FF",
  "minimal-style@@color-blue@@dark": "#4D94FF",
  "minimal-style@@color-purple@@dark": "#9D7FFF",
  "minimal-style@@color-pink@@dark": "#FF69B4"
}