{
  "extra-extras@@extras-hr-color@@dark": "#FFEF00",
  "extra-extras@@extras-hr-image": "url('data:image/svg+xml,%3Csvg xmlns=\"http://www.w3.org/2000/svg\" width=\"24\" height=\"24\" viewBox=\"0 0 24 24\" fill=\"none\" stroke=\"currentColor\" stroke-width=\"2\" stroke-linecap=\"round\" stroke-linejoin=\"round\"%3E%3Cpolygon points=\"13 2 3 14 12 14 11 22 21 10 12 10 13 2\"/%3E%3C/svg%3E')",
  "minimal-style@@ui3@@dark": "#00E055",
  "minimal-style@@sidebar-tabs-style": "sidebar-tabs-square",
  "minimal-style@@sidebar-tabs-names": "tab-names-off",
  "minimal-style@@vault-profile-display": "vault-profile-default",
  "minimal-style@@hide-help": false,
  "minimal-style@@ribbon-style": "ribbon-hidden",
  "minimal-style@@checkbox-shape": "checkbox-square",
  "minimal-style@@window-title-off": false,
  "minimal-style@@ui1@@dark": "#145C20",
  "minimal-style@@ui2@@dark": "#1A7528",
  "minimal-style@@h1-color@@dark": "#168F33",
  "minimal-style@@h2-color@@dark": "#1DA63B",
  "minimal-style@@h3-color@@dark": "#24BD44",
  "minimal-style@@h4-color@@dark": "#2BD44C",
  "minimal-style@@h5-color@@dark": "#40FF66",
  "minimal-style@@h6-color@@dark": "#80FF9E",
  "minimal-style@@file-header-visibility": "minimal-tab-title-visible",
  "minimal-style@@tab-stacked-spine-orientation": "tab-stack-top",
  "minimal-style@@tab-stacked-spine-order": "row",
  "minimal-style@@tabs-style": "tabs-square",
  "minimal-style@@minimal-tab-text-color-active@@dark": "#80FF9E",
  "minimal-style@@metadata-heading-off": false,
  "minimal-style@@minimal-strike-lists": true,
  "minimal-style@@active-line-on": true,
  "minimal-style@@gutter-background@@dark": "#0D3D1512",
  "minimal-style@@line-number-color@@dark": "#1A7528",
  "minimal-style@@icon-color@@dark": "#1A7528",
  "minimal-style@@h1-variant": "normal",
  "minimal-style@@h1-style": "normal",
  "minimal-style@@ax1@@dark": "#00E055",
  "minimal-style@@ax3@@dark": "#00A33E",
  "minimal-style@@ui3@@light": "#FF69B4",
  "minimal-style@@ui2@@light": "#FF69B4",
  "minimal-style@@ui1@@light": "#FF69B4",
  "minimal-style@@icon-color@@light": "#FF69B4",
  "minimal-style@@minimal-tab-text-color-active@@light": "#FF69B4",
  "minimal-style@@link-color@@dark": "#00E055",
  "minimal-style@@link-external-color@@dark": "#3b82f6",
  "minimal-style@@link-color-hover@@dark": "#00A33E",
  "minimal-style@@link-external-color-hover@@dark": "#60a5fa",
  "minimal-style@@bg1@@dark": "#000000",
  "minimal-style@@bg2@@dark": "#0D3D15",
  "minimal-style@@bg3@@dark": "#145C20",
  "minimal-style@@ax2@@dark": "#40FF80",
  "minimal-style@@tx1@@dark": "#FFFFFF",
  "minimal-style@@tx2@@dark": "#80FF9E",
  "minimal-style@@tx3@@dark": "#4D9960",
  "minimal-style@@icon-color-hover@@dark": "#00E055",
  "minimal-style@@icon-color-active@@dark": "#00A33E",
  "minimal-style@@active-line-bg@@dark": "#0D3D1520",
  "minimal-style@@minimal-tab-text-color@@dark": "#4D9960",
  "minimal-style@@color-red@@dark": "#FF4D6A",
  "minimal-style@@color-orange@@dark": "#FF8C42",
  "minimal-style@@color-yellow@@dark": "#FFD93D",
  "minimal-style@@color-green@@dark": "#00E055",
  "minimal-style@@color-cyan@@dark": "#00E5FF",
  "minimal-style@@color-blue@@dark": "#4D94FF",
  "minimal-style@@color-purple@@dark": "#9D7FFF",
  "minimal-style@@color-pink@@dark": "#FF69B4"
}