{
  "extra-extras@@extras-hr-color@@dark": "#DE2121",
  "extra-extras@@extras-hr-image": "url('data:image/svg+xml,<svg xmlns=\"http://www.w3.org/2000/svg\" width=\"24\" height=\"24\" viewBox=\"0 0 24 24\" fill=\"none\" stroke=\"currentColor\" stroke-width=\"2\" stroke-linecap=\"round\" stroke-linejoin=\"round\" class=\"lucide lucide-loader-pinwheel-icon lucide-loader-pinwheel\"><path d=\"M22 12a1 1 0 0 1-10 0 1 1 0 0 0-10 0\"/><path d=\"M7 20.7a1 1 0 1 1 5-8.7 1 1 0 1 0 5-8.6\"/><path d=\"M7 3.3a1 1 0 1 1 5 8.6 1 1 0 1 0 5 8.6\"/><circle cx=\"12\" cy=\"12\" r=\"10\"/></svg>')",
  "minimal-style@@ui3@@dark": "#D1D1D1",
  "minimal-style@@sidebar-tabs-style": "sidebar-tabs-square",
  "minimal-style@@sidebar-tabs-names": "tab-names-off",
  "minimal-style@@vault-profile-display": "vault-profile-default",
  "minimal-style@@hide-help": false,
  "minimal-style@@ribbon-style": "ribbon-hidden",
  "minimal-style@@checkbox-shape": "checkbox-square",
  "minimal-style@@window-title-off": false,
  "minimal-style@@ui1@@dark": "#FFFFFF",
  "minimal-style@@ui2@@dark": "#25282E",
  "minimal-style@@h1-color@@dark": "#DE2121",
  "minimal-style@@h2-color@@dark": "#F2F2F2",
  "minimal-style@@h3-color@@dark": "#D9D9D9",
  "minimal-style@@h4-color@@dark": "#BFBFBF",
  "minimal-style@@h5-color@@dark": "#A6A6A6",
  "minimal-style@@h6-color@@dark": "#8C8C8C",
  "minimal-style@@file-header-visibility": "minimal-tab-title-visible",
  "minimal-style@@tab-stacked-spine-orientation": "tab-stack-top",
  "minimal-style@@tab-stacked-spine-order": "row",
  "minimal-style@@tabs-style": "tabs-square",
  "minimal-style@@minimal-tab-text-color-active@@dark": "#F2F2F2",
  "minimal-style@@metadata-heading-off": false,
  "minimal-style@@minimal-strike-lists": true,
  "minimal-style@@active-line-on": true,
  "minimal-style@@gutter-background@@dark": "#25282E12",
  "minimal-style@@line-number-color@@dark": "#4A4F59",
  "minimal-style@@icon-color@@dark": "#757A85",
  "minimal-style@@h1-variant": "normal",
  "minimal-style@@h1-style": "normal",
  "minimal-style@@ax1@@dark": "#FFFFFF",
  "minimal-style@@ax3@@dark": "#DE2121",
  "minimal-style@@ui3@@light": "#FF69B4",
  "minimal-style@@ui2@@light": "#FF69B4",
  "minimal-style@@ui1@@light": "#FF69B4",
  "minimal-style@@icon-color@@light": "#FF69B4",
  "minimal-style@@minimal-tab-text-color-active@@light": "#FF69B4",
  "minimal-style@@link-color@@dark": "#FFFFFF",
  "minimal-style@@link-external-color@@dark": "#FFFFFF",
  "minimal-style@@link-color-hover@@dark": "#DE2121",
  "minimal-style@@link-external-color-hover@@dark": "#DE2121",
  "minimal-cards-style@@cards-background@@dark": "#000000",
  "minimal-style@@bg1@@dark": "#000000",
  "minimal-style@@bg2@@dark": "#0D0D0D",
  "minimal-style@@bg3@@dark": "#1A1A1A",
  "minimal-style@@ax2@@dark": "#E6E6E6",
  "minimal-style@@tx1@@dark": "#FFFFFF",
  "minimal-style@@tx2@@dark": "#B3B3B3",
  "minimal-style@@tx3@@dark": "#666666",
  "minimal-style@@icon-color-hover@@dark": "#D1D1D1",
  "minimal-style@@icon-color-active@@dark": "#DE2121",
  "minimal-style@@active-line-bg@@dark": "#25282E20",
  "minimal-style@@minimal-tab-text-color@@dark": "#666666",
  "minimal-style@@color-red@@dark": "#DE2121",
  "minimal-style@@color-orange@@dark": "#FF8C42",
  "minimal-style@@color-yellow@@dark": "#FFD93D",
  "minimal-style@@color-green@@dark": "#00FF7F",
  "minimal-style@@color-cyan@@dark": "#00E5FF",
  "minimal-style@@color-blue@@dark": "#4D94FF",
  "minimal-style@@color-purple@@dark": "#9D7FFF",
  "minimal-style@@color-pink@@dark": "#FF69B4"
}