{
  "app:toggle-left-sidebar": [
    {
      "modifiers": [
        "Mod"
      ],
      "key": ","
    }
  ],
  "app:toggle-right-sidebar": [
    {
      "modifiers": [
        "Mod"
      ],
      "key": "."
    }
  ],
  "app:open-settings": [
    {
      "modifiers": [
        "Mod"
      ],
      "key": "'"
    }
  ],
  "homepage:open-homepage": [
    {
      "modifiers": [
        "Mod"
      ],
      "key": "Enter"
    }
  ],
  "editor:open-link-in-new-leaf": [],
  "editor:cycle-list-checklist": [
    {
      "modifiers": [
        "Alt"
      ],
      "key": "Enter"
    }
  ],
  "editor:follow-link": []
}