{
  "main": {
    "id": "b56146f04dfe3ebb",
    "type": "split",
    "children": [
      {
        "id": "8962f32ba9d678f9",
        "type": "tabs",
        "children": [
          {
            "id": "5247c01e01fb2521",
            "type": "leaf",
            "state": {
              "type": "markdown",
              "state": {
                "file": "System/Settings.md",
                "mode": "source",
                "source": true
              },
              "icon": "lucide-file",
              "title": "Settings"
            }
          }
        ]
      }
    ],
    "direction": "vertical"
  },
  "left": {
    "id": "57cab3789be7d386",
    "type": "split",
    "children": [
      {
        "id": "986490deae8f7c47",
        "type": "tabs",
        "children": [
          {
            "id": "fa5f838643ef9fbd",
            "type": "leaf",
            "state": {
              "type": "file-explorer",
              "state": {
                "sortOrder": "alphabetical",
                "autoReveal": false
              },
              "icon": "lucide-folder-closed",
              "title": "Files"
            }
          },
          {
            "id": "72fb9162f5e4e507",
            "type": "leaf",
            "state": {
              "type": "search",
              "state": {
                "query": "",
                "matchingCase": false,
                "explainSearch": false,
                "collapseAll": false,
                "extraContext": false,
                "sortOrder": "alphabetical"
              },
              "icon": "lucide-search",
              "title": "Search"
            }
          },
          {
            "id": "566500e8281f4c79",
            "type": "leaf",
            "state": {
              "type": "bookmarks",
              "state": {},
              "icon": "lucide-bookmark",
              "title": "Bookmarks"
            }
          }
        ]
      }
    ],
    "direction": "horizontal",
    "width": 300
  },
  "right": {
    "id": "06423f40caea745b",
    "type": "split",
    "children": [
      {
        "id": "e2243539f9438d6e",
        "type": "tabs",
        "children": [
          {
            "id": "10e1aa9077ed102a",
            "type": "leaf",
            "state": {
              "type": "backlink",
              "state": {
                "file": "System/Settings.md",
                "collapseAll": false,
                "extraContext": false,
                "sortOrder": "alphabetical",
                "showSearch": false,
                "searchQuery": "",
                "backlinkCollapsed": false,
                "unlinkedCollapsed": true
              },
              "icon": "links-coming-in",
              "title": "Backlinks for Settings"
            }
          },
          {
            "id": "ffcddcb7a1cf44e1",
            "type": "leaf",
            "state": {
              "type": "outgoing-link",
              "state": {
                "file": "System/Settings.md",
                "linksCollapsed": false,
                "unlinkedCollapsed": true
              },
              "icon": "links-going-out",
              "title": "Outgoing links from Settings"
            }
          },
          {
            "id": "09071db45ad47273",
            "type": "leaf",
            "state": {
              "type": "tag",
              "state": {
                "sortOrder": "frequency",
                "useHierarchy": true,
                "showSearch": false,
                "searchQuery": ""
              },
              "icon": "lucide-tags",
              "title": "Tags"
            }
          },
          {
            "id": "d17197986ffab1ec",
            "type": "leaf",
            "state": {
              "type": "all-properties",
              "state": {
                "sortOrder": "frequency",
                "showSearch": false,
                "searchQuery": ""
              },
              "icon": "lucide-archive",
              "title": "All properties"
            }
          },
          {
            "id": "58850125c57f9a9a",
            "type": "leaf",
            "state": {
              "type": "outline",
              "state": {
                "file": "System/Settings.md",
                "followCursor": false,
                "showSearch": false,
                "searchQuery": ""
              },
              "icon": "lucide-list",
              "title": "Outline of Settings"
            }
          }
        ]
      }
    ],
    "direction": "horizontal",
    "width": 300,
    "collapsed": true
  },
  "left-ribbon": {
    "hiddenItems": {
      "switcher:Open quick switcher": false,
      "graph:Open graph view": false,
      "canvas:Create new canvas": false,
      "daily-notes:Open today's daily note": false,
      "templates:Insert template": false,
      "command-palette:Open command palette": false,
      "bases:Create new base": false
    }
  },
  "active": "5247c01e01fb2521",
  "lastOpenFiles": []
}