{
  "extra-extras@@extras-hr-color@@dark": "#FFEF00",
  "extra-extras@@extras-hr-image": "url('data:image/svg+xml,%3Csvg xmlns=\"http://www.w3.org/2000/svg\" width=\"24\" height=\"24\" viewBox=\"0 0 24 24\" fill=\"none\" stroke=\"currentColor\" stroke-width=\"2\" stroke-linecap=\"round\" stroke-linejoin=\"round\"%3E%3Cpolygon points=\"13 2 3 14 12 14 11 22 21 10 12 10 13 2\"/%3E%3C/svg%3E')",
  "minimal-style@@ui3@@dark": "#FF00A0",
  "minimal-style@@sidebar-tabs-style": "sidebar-tabs-underline",
  "minimal-style@@sidebar-tabs-names": "tab-names-off",
  "minimal-style@@vault-profile-display": "vault-profile-default",
  "minimal-style@@hide-help": false,
  "minimal-style@@ribbon-style": "ribbon-hidden",
  "minimal-style@@checkbox-shape": "checkbox-square",
  "minimal-style@@window-title-off": false,
  "minimal-style@@ui1@@dark": "#4D003C",
  "minimal-style@@ui2@@dark": "#8F0676",
  "minimal-style@@h1-color@@dark": "#CF0282",
  "minimal-style@@h2-color@@dark": "#D200AC",
  "minimal-style@@h3-color@@dark": "#D900D3",
  "minimal-style@@h4-color@@dark": "#F200AA",
  "minimal-style@@h5-color@@dark": "#FF00EE",
  "minimal-style@@h6-color@@dark": "#FF4DD8",
  "minimal-style@@file-header-visibility": "minimal-tab-title-visible",
  "minimal-style@@tab-stacked-spine-orientation": "tab-stack-top",
  "minimal-style@@tab-stacked-spine-order": "row",
  "minimal-style@@tabs-style": "tabs-underline",
  "minimal-style@@minimal-tab-text-color-active@@dark": "#FFA6E1",
  "minimal-style@@metadata-heading-off": false,
  "minimal-style@@minimal-strike-lists": true,
  "minimal-style@@active-line-on": true,
  "minimal-style@@gutter-background@@dark": "#8F068B30",
  "minimal-style@@line-number-color@@dark": "#D506C0",
  "minimal-style@@icon-color@@dark": "#AA0786",
  "minimal-style@@h1-variant": "normal",
  "minimal-style@@h1-style": "normal",
  "minimal-style@@ax1@@dark": "#FF00C7",
  "minimal-style@@ax3@@dark": "#CC0097",
  "minimal-style@@ui3@@light": "#FF69B4",
  "minimal-style@@ui2@@light": "#FF69B4",
  "minimal-style@@ui1@@light": "#FF69B4",
  "minimal-style@@icon-color@@light": "#FF69B4",
  "minimal-style@@minimal-tab-text-color-active@@light": "#FF69B4",
  "minimal-style@@link-color@@dark": "#FF8800",
  "minimal-style@@link-external-color@@dark": "#3b82f6",
  "minimal-style@@link-color-hover@@dark": "#CC5200",
  "minimal-style@@link-external-color-hover@@dark": "#60a5fa",
  "minimal-cards-style@@cards-background@@dark": "#000000",
  "minimal-style@@bg1@@dark": "#000000",
  "minimal-style@@bg2@@dark": "#000000",
  "minimal-style@@bg3@@dark": "#4D0036",
  "minimal-style@@ax2@@dark": "#FF4DE6",
  "minimal-style@@tx1@@dark": "#FFFFFF",
  "minimal-style@@tx2@@dark": "#FFD4A6",
  "minimal-style@@tx3@@dark": "#8F5020",
  "minimal-style@@icon-color-hover@@dark": "#FF00D1",
  "minimal-style@@icon-color-active@@dark": "#CC009F",
  "minimal-style@@active-line-bg@@dark": "#8F3B0620",
  "minimal-style@@color-red@@dark": "#FF4D6A",
  "minimal-style@@color-orange@@dark": "#FF8800",
  "minimal-style@@color-yellow@@dark": "#FFD93D",
  "minimal-style@@color-green@@dark": "#00FF7F",
  "minimal-style@@color-cyan@@dark": "#00E5FF",
  "minimal-style@@color-blue@@dark": "#4D94FF",
  "minimal-style@@color-purple@@dark": "#9D7FFF",
  "minimal-style@@color-pink@@dark": "#FF69B4",
  "minimal-style@@image-muted": 1,
  "minimal-style@@minimal-tab-text-color@@dark": "#FF00AA"
}